,genre
0,country
1,jazz
2,disco
3,jazz
4,pop
5,country
6,anime
7,anime
8,pop
9,anime
10,disco
11,reggae
12,pop
13,pop
14,edm
15,rap
16,country
17,disco
18,edm
19,anime
20,rap
21,country
22,pop
23,classical
24,disco
25,reggae
26,country
27,edm
28,disco
29,edm
30,country
31,jazz
32,black metal
33,pop
34,classical
35,classical
36,country
37,country
38,country
39,pop
40,black metal
41,classical
42,anime
43,country
44,country
45,pop
46,edm
47,anime
48,disco
49,anime
50,pop
51,country
52,jazz
53,reggae
54,rap
55,reggae
56,classical
57,black metal
58,disco
59,anime
60,edm
61,classical
62,country
63,classical
64,anime
65,jazz
66,country
67,country
68,classical
69,anime
70,edm
71,jazz
72,anime
73,pop
74,black metal
75,jazz
76,country
77,country
78,disco
79,reggae
80,anime
81,anime
82,reggae
83,country
84,classical
85,disco
86,pop
87,rap
88,jazz
89,disco
90,anime
91,jazz
92,reggae
93,pop
94,edm
95,disco
96,classical
97,anime
98,rap
99,anime
100,anime
101,reggae
102,reggae
103,country
104,country
105,country
106,classical
107,anime
108,classical
109,classical
110,classical
111,classical
112,classical
113,country
114,pop
115,country
116,classical
117,pop
118,rap
119,anime
120,disco
121,jazz
122,anime
123,reggae
124,country
125,edm
126,disco
127,anime
128,reggae
129,anime
130,pop
131,black metal
132,pop
133,anime
134,anime
135,edm
136,rap
137,anime
138,edm
139,classical
140,jazz
141,pop
142,classical
143,jazz
144,country
145,edm
146,country
147,classical
148,black metal
149,country
150,jazz
151,pop
152,reggae
153,edm
154,pop
155,anime
156,jazz
157,anime
158,country
159,anime
160,country
161,edm
162,rap
163,country
164,country
165,classical
166,jazz
167,jazz
168,pop
169,pop
170,reggae
171,black metal
172,anime
173,country
174,anime
175,jazz
176,anime
177,country
178,country
179,disco
180,rap
181,anime
182,classical
183,jazz
184,country
185,jazz
186,country
187,jazz
188,edm
189,black metal
190,jazz
191,jazz
192,anime
193,disco
194,reggae
195,jazz
196,anime
197,disco
198,country
199,reggae
200,classical
201,country
202,classical
203,pop
204,anime
205,country
206,anime
207,anime
208,classical
209,jazz
210,country
211,pop
212,pop
213,classical
214,country
215,edm
216,country
217,black metal
218,rap
219,pop
220,rap
221,country
222,reggae
223,edm
224,anime
225,country
226,rap
227,country
228,classical
229,classical
230,edm
231,country
232,rap
233,anime
234,black metal
235,disco
236,classical
237,pop
238,country
239,country
240,pop
241,classical
242,country
243,edm
244,pop
245,country
246,black metal
247,disco
248,country
249,edm
250,country
251,classical
252,disco
253,anime
254,anime
255,edm
256,anime
257,anime
258,black metal
259,edm
260,rap
261,country
262,country
263,reggae
264,country
265,classical
266,anime
267,classical
268,pop
269,rap
270,disco
271,country
272,edm
273,classical
274,edm
275,classical
276,anime
277,country
278,anime
279,black metal
280,disco
281,anime
282,rap
283,black metal
284,reggae
285,country
286,jazz
287,country
288,edm
289,anime
290,country
291,anime
292,anime
293,jazz
294,black metal
295,jazz
296,edm
297,disco
298,country
299,edm
300,jazz
301,edm
302,reggae
303,jazz
304,classical
305,pop
306,anime
307,anime
308,country
309,edm
310,anime
311,country
312,jazz
313,jazz
314,edm
315,country
316,pop
317,edm
318,country
319,edm
320,country
321,classical
322,classical
323,disco
324,country
325,country
326,pop
327,edm
328,pop
329,edm
330,country
331,anime
332,pop
333,disco
334,disco
335,classical
336,classical
337,jazz
338,reggae
339,edm
340,reggae
341,country
342,anime
343,anime
344,country
345,classical
346,black metal
347,rap
348,edm
349,black metal
350,classical
351,black metal
352,classical
353,black metal
354,reggae
355,edm
356,country
357,reggae
358,anime
359,country
360,country
361,black metal
362,anime
363,anime
364,classical
365,country
366,reggae
367,anime
368,reggae
369,black metal
370,country
371,anime
372,black metal
373,anime
374,classical
375,reggae
376,edm
377,country
378,black metal
379,disco
380,anime
381,jazz
382,disco
383,country
384,edm
385,edm
386,anime
387,anime
388,anime
389,country
390,reggae
391,country
392,anime
393,jazz
394,jazz
395,country
396,country
397,jazz
398,jazz
399,country
400,jazz
401,black metal
402,country
403,edm
404,edm
405,rap
406,country
407,anime
408,pop
409,anime
410,black metal
411,classical
412,edm
413,jazz
414,pop
415,country
416,rap
417,jazz
418,country
419,pop
420,pop
421,anime
422,black metal
423,pop
424,classical
425,pop
426,country
427,black metal
428,country
429,jazz
430,country
431,country
432,pop
433,rap
434,classical
435,anime
436,black metal
437,classical
438,classical
439,classical
440,pop
441,pop
442,reggae
443,edm
444,country
445,disco
446,edm
447,country
448,classical
449,jazz
450,edm
451,classical
452,black metal
453,pop
454,anime
455,edm
456,country
457,jazz
458,jazz
459,pop
460,anime
461,classical
462,anime
463,anime
464,pop
465,anime
466,anime
467,anime
468,country
469,anime
470,edm
471,anime
472,jazz
473,classical
474,jazz
475,reggae
476,rap
477,disco
478,country
479,anime
480,anime
481,classical
482,classical
483,edm
484,edm
485,country
486,classical
487,country
488,black metal
489,country
490,jazz
491,classical
492,pop
493,reggae
494,rap
495,country
496,edm
497,anime
498,black metal
499,country
500,classical
501,country
502,pop
503,country
504,country
505,edm
506,disco
507,jazz
508,country
509,classical
510,country
511,reggae
512,jazz
513,rap
514,country
515,black metal
516,classical
517,country
518,classical
519,country
520,country
521,pop
522,anime
523,disco
524,country
525,classical
526,anime
527,country
528,classical
529,disco
530,country
531,reggae
532,classical
533,pop
534,country
535,reggae
536,country
537,edm
538,reggae
539,country
540,pop
541,anime
542,classical
543,anime
544,anime
545,country
546,anime
547,classical
548,pop
549,reggae
550,reggae
551,jazz
552,jazz
553,reggae
554,edm
555,anime
556,country
557,reggae
558,country
559,jazz
560,reggae
561,anime
562,anime
563,edm
564,anime
565,classical
566,anime
567,pop
568,jazz
569,anime
570,anime
571,jazz
572,jazz
573,country
574,jazz
575,jazz
576,anime
577,edm
578,anime
579,disco
580,jazz
581,reggae
582,pop
583,reggae
584,jazz
585,reggae
586,anime
587,anime
588,classical
589,black metal
590,reggae
591,edm
592,pop
593,pop
594,anime
595,reggae
596,disco
597,classical
598,country
599,country
600,disco
601,jazz
602,pop
603,jazz
604,country
605,black metal
606,edm
607,jazz
608,anime
609,reggae
610,reggae
611,country
612,edm
613,country
614,edm
615,pop
616,reggae
617,country
618,anime
619,classical
620,anime
621,disco
622,reggae
623,anime
624,pop
625,country
626,edm
627,country
628,country
629,disco
630,pop
631,anime
632,pop
633,disco
634,classical
635,classical
636,black metal
637,black metal
638,anime
639,pop
640,anime
641,classical
642,black metal
643,country
644,classical
645,country
646,edm
647,edm
648,reggae
649,anime
650,anime
651,reggae
652,reggae
653,classical
654,classical
655,disco
656,jazz
657,jazz
658,rap
659,anime
660,jazz
661,edm
662,reggae
663,edm
664,rap
665,anime
666,edm
667,jazz
668,anime
669,rap
670,country
671,anime
672,jazz
673,country
674,jazz
675,anime
676,country
677,country
678,anime
679,disco
680,classical
681,edm
682,country
683,anime
684,edm
685,pop
686,edm
687,country
688,classical
689,anime
690,classical
691,country
692,pop
693,pop
694,jazz
695,country
696,disco
697,edm
698,classical
699,disco
700,rap
701,anime
702,rap
703,classical
704,edm
705,anime
706,rap
707,anime
708,classical
709,edm
710,anime
711,country
712,classical
713,disco
714,jazz
715,classical
716,country
717,reggae
718,black metal
719,disco
720,pop
721,country
722,reggae
723,country
724,country
725,anime
726,edm
727,country
728,anime
729,disco
730,edm
731,anime
732,black metal
733,pop
734,country
735,country
736,pop
737,anime
738,reggae
739,edm
740,edm
741,reggae
742,edm
743,pop
744,country
745,anime
746,country
747,country
748,country
749,country
750,disco
751,classical
752,country
753,anime
754,reggae
755,jazz
756,anime
757,country
758,reggae
759,anime
760,anime
761,classical
762,reggae
763,reggae
764,classical
765,classical
766,jazz
767,pop
768,classical
769,black metal
770,rap
771,anime
772,pop
773,anime
774,country
775,reggae
776,anime
777,anime
778,disco
779,black metal
780,jazz
781,country
782,anime
783,black metal
784,anime
785,classical
786,anime
787,anime
788,reggae
789,disco
790,jazz
791,pop
792,reggae
793,jazz
794,disco
795,edm
796,country
797,jazz
798,country
799,country
800,black metal
801,anime
802,country
803,reggae
804,country
805,anime
806,country
807,edm
808,country
809,country
810,country
811,classical
812,reggae
813,country
814,black metal
815,anime
816,black metal
817,anime
818,classical
819,classical
820,rap
821,country
822,disco
823,pop
824,black metal
825,edm
826,anime
827,reggae
828,disco
829,anime
830,black metal
831,black metal
832,pop
833,disco
834,anime
835,edm
836,anime
837,black metal
838,jazz
839,jazz
840,country
841,edm
842,country
843,reggae
844,edm
845,classical
846,classical
847,anime
848,reggae
849,pop
850,jazz
851,classical
852,anime
853,anime
854,edm
855,disco
856,country
857,country
858,reggae
859,anime
860,pop
861,rap
862,edm
863,black metal
864,rap
865,anime
866,classical
867,classical
868,edm
869,black metal
870,edm
871,rap
872,jazz
873,pop
874,rap
875,pop
876,jazz
877,classical
878,country
879,country
880,country
881,country
882,rap
883,reggae
884,reggae
885,jazz
886,anime
887,reggae
888,jazz
889,anime
890,reggae
891,classical
892,disco
893,reggae
894,classical
895,jazz
896,pop
897,jazz
898,anime
899,black metal
900,country
901,country
902,jazz
903,reggae
904,anime
905,anime
906,reggae
907,disco
908,jazz
909,country
910,jazz
911,jazz
912,edm
913,jazz
914,country
915,classical
916,anime
917,rap
918,anime
919,classical
920,country
921,reggae
922,anime
923,jazz
924,pop
925,edm
926,pop
927,country
928,jazz
929,classical
930,classical
931,classical
932,country
933,reggae
934,pop
935,black metal
936,black metal
937,pop
938,edm
939,black metal
940,classical
941,anime
942,classical
943,jazz
944,country
945,rap
946,classical
947,country
948,country
949,pop
950,classical
951,anime
952,anime
953,jazz
954,rap
955,country
956,rap
957,pop
958,edm
959,pop
960,pop
961,reggae
962,country
963,edm
964,classical
965,country
966,anime
967,jazz
968,reggae
969,disco
970,anime
971,disco
972,classical
973,reggae
974,rap
975,country
976,country
977,disco
978,pop
979,anime
980,classical
981,anime
982,black metal
983,pop
984,reggae
985,country
986,anime
987,anime
988,disco
989,anime
990,edm
991,reggae
992,anime
993,country
994,pop
995,reggae
996,reggae
997,rap
998,edm
999,reggae
1000,jazz
1001,pop
1002,black metal
1003,anime
1004,pop
1005,rap
1006,edm
1007,jazz
1008,country
1009,pop
1010,anime
1011,anime
1012,country
1013,reggae
1014,classical
1015,black metal
1016,black metal
1017,reggae
1018,reggae
1019,reggae
1020,disco
1021,pop
1022,reggae
1023,pop
1024,anime
1025,black metal
1026,country
1027,classical
1028,jazz
1029,edm
1030,black metal
1031,country
1032,anime
1033,rap
1034,country
1035,black metal
1036,classical
1037,black metal
1038,anime
1039,classical
1040,classical
1041,rap
1042,jazz
1043,edm
1044,reggae
1045,anime
1046,disco
1047,country
1048,anime
1049,disco
1050,disco
1051,edm
1052,rap
1053,reggae
1054,classical
1055,anime
1056,anime
1057,rap
1058,rap
1059,country
1060,jazz
1061,anime
1062,country
1063,anime
1064,reggae
1065,classical
1066,pop
1067,reggae
1068,classical
1069,classical
1070,classical
1071,reggae
1072,anime
1073,anime
1074,reggae
1075,jazz
1076,anime
1077,edm
1078,edm
1079,edm
1080,country
1081,jazz
1082,jazz
1083,edm
1084,jazz
1085,pop
1086,country
1087,black metal
1088,pop
1089,jazz
1090,pop
1091,black metal
1092,country
1093,edm
1094,classical
1095,jazz
1096,pop
1097,black metal
1098,classical
1099,edm
1100,rap
1101,classical
1102,edm
1103,edm
1104,classical
1105,anime
1106,reggae
1107,anime
1108,classical
1109,anime
1110,country
1111,black metal
1112,country
1113,edm
1114,classical
1115,country
1116,classical
1117,country
1118,reggae
1119,classical
1120,disco
1121,reggae
1122,reggae
1123,pop
1124,anime
1125,classical
1126,black metal
1127,pop
1128,classical
1129,anime
1130,jazz
1131,country
1132,jazz
1133,anime
1134,anime
1135,pop
1136,black metal
1137,classical
1138,anime
1139,reggae
1140,country
1141,black metal
1142,disco
1143,country
1144,anime
1145,anime
1146,country
1147,country
1148,classical
1149,rap
1150,reggae
1151,country
1152,country
1153,classical
1154,anime
1155,classical
1156,anime
1157,classical
1158,edm
1159,pop
1160,classical
1161,country
1162,anime
1163,pop
1164,anime
1165,jazz
1166,reggae
1167,country
1168,country
1169,black metal
1170,country
1171,pop
1172,disco
1173,country
1174,anime
1175,black metal
1176,reggae
1177,country
1178,anime
1179,country
1180,pop
1181,disco
1182,country
1183,disco
1184,edm
1185,country
1186,anime
1187,anime
1188,jazz
1189,black metal
1190,disco
1191,classical
1192,anime
1193,edm
1194,classical
1195,classical
1196,country
1197,disco
1198,jazz
1199,pop
1200,anime
1201,anime
1202,classical
1203,reggae
1204,black metal
1205,anime
1206,country
1207,black metal
1208,edm
1209,classical
1210,disco
1211,country
1212,anime
1213,country
1214,jazz
1215,country
1216,anime
1217,country
1218,country
1219,country
1220,pop
1221,country
1222,jazz
1223,jazz
1224,country
1225,pop
1226,classical
1227,jazz
1228,anime
1229,anime
1230,country
1231,rap
1232,edm
1233,jazz
1234,classical
1235,classical
1236,country
1237,country
1238,anime
1239,classical
1240,pop
1241,disco
1242,anime
1243,country
1244,anime
1245,pop
1246,disco
1247,anime
1248,pop
1249,anime
1250,country
1251,anime
1252,disco
1253,classical
1254,edm
1255,rap
1256,edm
1257,pop
1258,anime
1259,disco
1260,country
1261,anime
1262,pop
1263,anime
1264,country
1265,reggae
1266,country
1267,classical
1268,country
1269,jazz
1270,country
1271,pop
1272,country
1273,country
1274,edm
1275,edm
1276,anime
1277,rap
1278,reggae
1279,country
1280,classical
1281,anime
1282,jazz
1283,country
1284,rap
1285,pop
1286,classical
1287,classical
1288,pop
1289,black metal
1290,jazz
1291,rap
1292,anime
1293,black metal
1294,anime
1295,classical
1296,edm
1297,country
1298,country
1299,jazz
1300,anime
1301,rap
1302,jazz
1303,jazz
1304,anime
1305,anime
1306,rap
1307,country
1308,classical
1309,reggae
1310,anime
1311,disco
1312,reggae
1313,edm
1314,pop
1315,jazz
1316,country
1317,anime
1318,rap
1319,pop
1320,anime
1321,rap
1322,anime
1323,country
1324,country
1325,black metal
1326,classical
1327,anime
1328,country
1329,black metal
1330,edm
1331,pop
1332,classical
1333,jazz
1334,anime
1335,jazz
1336,country
1337,reggae
1338,anime
1339,classical
1340,black metal
1341,anime
1342,anime
1343,pop
1344,pop
1345,jazz
1346,country
1347,anime
1348,edm
1349,jazz
1350,rap
1351,country
1352,reggae
1353,country
1354,rap
1355,country
1356,pop
1357,disco
1358,country
1359,country
1360,country
1361,pop
1362,pop
1363,country
1364,edm
1365,country
1366,country
1367,country
1368,classical
1369,jazz
1370,pop
1371,country
1372,reggae
1373,pop
1374,jazz
1375,black metal
1376,jazz
1377,rap
1378,disco
1379,jazz
1380,classical
1381,anime
1382,anime
1383,country
1384,country
1385,edm
1386,reggae
1387,edm
1388,classical
1389,pop
1390,reggae
1391,edm
1392,pop
1393,jazz
1394,country
1395,pop
1396,jazz
1397,classical
1398,country
1399,reggae
1400,country
1401,classical
1402,anime
1403,pop
1404,reggae
1405,disco
1406,classical
1407,reggae
1408,pop
1409,pop
1410,reggae
1411,edm
1412,country
1413,pop
1414,jazz
1415,country
1416,rap
1417,black metal
1418,disco
1419,edm
1420,reggae
1421,edm
1422,country
1423,edm
1424,pop
1425,anime
1426,reggae
1427,jazz
1428,edm
1429,rap
1430,country
1431,jazz
1432,anime
1433,anime
1434,classical
1435,classical
1436,anime
1437,country
1438,classical
1439,edm
1440,rap
1441,edm
1442,reggae
1443,anime
1444,black metal
1445,pop
1446,country
1447,pop
1448,country
1449,jazz
1450,black metal
1451,anime
1452,country
1453,edm
1454,country
1455,black metal
1456,edm
1457,anime
1458,black metal
1459,pop
1460,edm
1461,pop
1462,anime
1463,anime
1464,classical
1465,jazz
1466,country
1467,country
1468,country
1469,disco
1470,edm
1471,jazz
1472,rap
1473,pop
1474,jazz
1475,jazz
1476,anime
1477,classical
1478,anime
1479,edm
1480,edm
1481,reggae
1482,classical
1483,edm
1484,disco
1485,country
1486,anime
1487,jazz
1488,country
1489,anime
1490,edm
1491,country
1492,pop
1493,classical
1494,anime
1495,reggae
1496,classical
1497,pop
1498,edm
1499,jazz
1500,classical
1501,reggae
1502,black metal
1503,country
1504,country
1505,anime
1506,country
1507,edm
1508,pop
1509,edm
1510,country
1511,country
1512,anime
1513,pop
1514,disco
1515,classical
1516,disco
1517,classical
1518,anime
1519,black metal
1520,country
1521,classical
1522,anime
1523,anime
1524,jazz
1525,anime
1526,rap
1527,jazz
1528,jazz
1529,country
1530,country
1531,classical
1532,edm
1533,edm
1534,anime
1535,classical
1536,country
1537,edm
1538,reggae
1539,country
1540,black metal
1541,rap
1542,jazz
1543,pop
1544,edm
1545,classical
1546,jazz
1547,country
1548,classical
1549,reggae
1550,reggae
1551,anime
1552,disco
1553,black metal
1554,jazz
1555,black metal
1556,edm
1557,anime
1558,pop
1559,jazz
1560,jazz
1561,country
1562,anime
1563,black metal
1564,country
1565,jazz
1566,country
1567,black metal
1568,pop
1569,country
1570,reggae
1571,edm
1572,country
1573,black metal
1574,reggae
1575,country
1576,disco
1577,anime
1578,country
1579,edm
1580,anime
1581,pop
1582,anime
1583,pop
1584,anime
1585,rap
1586,edm
1587,classical
1588,edm
1589,edm
1590,classical
1591,edm
1592,disco
1593,black metal
1594,edm
1595,country
1596,reggae
1597,country
1598,country
1599,black metal
1600,edm
1601,classical
1602,anime
1603,reggae
1604,country
1605,classical
1606,anime
1607,black metal
1608,jazz
1609,pop
1610,disco
1611,disco
1612,country
1613,pop
1614,country
1615,disco
1616,disco
1617,country
1618,country
1619,pop
1620,edm
1621,edm
1622,jazz
1623,rap
1624,anime
1625,country
1626,reggae
1627,classical
1628,disco
1629,reggae
1630,classical
1631,pop
1632,edm
1633,anime
1634,black metal
1635,anime
1636,anime
1637,edm
1638,country
1639,rap
1640,country
1641,black metal
1642,anime
1643,classical
1644,country
1645,black metal
1646,country
1647,edm
1648,reggae
1649,pop
1650,country
1651,disco
1652,classical
1653,anime
1654,classical
1655,disco
1656,classical
1657,pop
1658,anime
1659,jazz
1660,anime
1661,anime
1662,rap
1663,disco
1664,black metal
1665,black metal
1666,country
1667,jazz
1668,edm
1669,anime
1670,disco
1671,disco
1672,country
1673,classical
1674,reggae
1675,anime
1676,rap
1677,jazz
1678,country
1679,country
1680,edm
1681,disco
1682,pop
1683,edm
1684,country
1685,pop
1686,reggae
1687,rap
1688,pop
1689,rap
1690,country
1691,anime
1692,edm
1693,reggae
1694,pop
1695,jazz
1696,rap
1697,black metal
1698,jazz
1699,disco
1700,country
1701,reggae
1702,anime
1703,disco
1704,anime
1705,pop
1706,country
1707,classical
1708,anime
1709,classical
1710,country
1711,black metal
1712,reggae
1713,classical
1714,country
1715,anime
1716,disco
1717,pop
1718,anime
1719,country
1720,reggae
1721,country
1722,country
1723,country
1724,edm
1725,pop
1726,jazz
1727,anime
1728,anime
1729,jazz
1730,classical
1731,classical
1732,disco
1733,rap
1734,pop
1735,pop
1736,pop
1737,anime
1738,classical
1739,edm
1740,reggae
1741,anime
1742,classical
1743,black metal
1744,reggae
1745,classical
1746,classical
1747,edm
1748,jazz
1749,classical
1750,country
1751,country
1752,black metal
1753,jazz
1754,country
1755,classical
1756,edm
1757,pop
1758,anime
1759,pop
1760,country
1761,black metal
1762,jazz
1763,anime
1764,reggae
1765,pop
1766,edm
1767,classical
1768,country
1769,pop
1770,pop
1771,classical
1772,jazz
1773,disco
1774,pop
1775,rap
1776,black metal
1777,anime
1778,jazz
1779,country
1780,pop
1781,edm
1782,country
1783,rap
1784,anime
1785,anime
1786,jazz
1787,anime
1788,classical
1789,pop
1790,jazz
1791,pop
1792,classical
1793,reggae
1794,country
1795,reggae
1796,rap
1797,disco
1798,jazz
1799,anime
1800,country
1801,anime
1802,country
1803,edm
1804,pop
1805,country
1806,jazz
1807,country
1808,country
1809,reggae
1810,black metal
1811,rap
1812,reggae
1813,reggae
1814,rap
1815,jazz
1816,classical
1817,country
1818,anime
1819,country
1820,black metal
1821,classical
1822,country
1823,pop
1824,pop
1825,reggae
1826,edm
1827,classical
1828,jazz
1829,country
1830,anime
1831,black metal
1832,country
1833,pop
1834,country
1835,anime
1836,anime
1837,country
1838,classical
1839,black metal
1840,anime
1841,black metal
1842,jazz
1843,edm
1844,jazz
1845,reggae
1846,country
1847,anime
1848,country
1849,anime
1850,disco
1851,anime
1852,country
1853,edm
1854,country
1855,pop
1856,classical
1857,black metal
1858,anime
1859,anime
1860,classical
1861,pop
1862,black metal
1863,disco
1864,anime
1865,anime
1866,classical
1867,black metal
1868,country
1869,disco
1870,edm
1871,country
1872,edm
1873,country
1874,rap
1875,pop
1876,black metal
1877,edm
1878,country
1879,country
1880,jazz
1881,country
1882,black metal
1883,edm
1884,jazz
1885,edm
1886,jazz
1887,jazz
1888,classical
1889,classical
1890,country
1891,black metal
1892,edm
1893,country
1894,jazz
1895,anime
1896,edm
1897,anime
1898,edm
1899,edm
1900,black metal
1901,black metal
1902,country
1903,pop
1904,classical
1905,rap
1906,rap
1907,reggae
1908,anime
1909,pop
1910,disco
1911,pop
1912,classical
1913,disco
1914,country
1915,pop
1916,classical
1917,anime
1918,anime
1919,pop
1920,pop
1921,jazz
1922,edm
1923,reggae
1924,country
1925,edm
1926,disco
1927,disco
1928,edm
1929,pop
1930,pop
1931,classical
1932,country
1933,classical
1934,country
1935,anime
1936,anime
1937,country
1938,anime
1939,disco
1940,edm
1941,pop
1942,anime
1943,black metal
1944,anime
1945,classical
1946,disco
1947,classical
1948,anime
1949,anime
1950,disco
1951,country
1952,country
1953,pop
1954,anime
1955,anime
1956,rap
1957,edm
1958,jazz
1959,reggae
1960,country
1961,anime
1962,country
1963,country
1964,edm
1965,anime
1966,black metal
1967,black metal
1968,country
1969,classical
1970,classical
1971,anime
1972,jazz
1973,classical
1974,rap
1975,pop
1976,country
1977,country
1978,anime
1979,anime
1980,anime
1981,black metal
1982,reggae
1983,anime
1984,jazz
1985,country
1986,classical
1987,classical
1988,edm
1989,edm
1990,reggae
1991,anime
1992,classical
1993,edm
1994,classical
1995,anime
1996,classical
1997,anime
1998,classical
1999,pop
2000,disco
2001,country
2002,jazz
2003,jazz
2004,anime
2005,disco
2006,pop
2007,classical
2008,anime
2009,black metal
2010,reggae
2011,anime
2012,edm
2013,classical
2014,edm
2015,reggae
2016,pop
2017,jazz
2018,jazz
2019,classical
2020,anime
2021,country
2022,country
2023,country
2024,classical
2025,classical
2026,country
2027,classical
2028,classical
2029,jazz
2030,jazz
2031,anime
2032,black metal
2033,reggae
2034,disco
2035,pop
2036,country
2037,pop
2038,jazz
2039,jazz
2040,disco
2041,anime
2042,black metal
2043,jazz
2044,rap
2045,country
2046,disco
2047,jazz
2048,country
2049,jazz
2050,country
2051,jazz
2052,pop
2053,reggae
2054,rap
2055,jazz
2056,country
2057,edm
2058,jazz
2059,anime
2060,disco
2061,disco
2062,classical
2063,disco
2064,jazz
2065,country
2066,country
2067,edm
2068,pop
2069,disco
2070,reggae
2071,anime
2072,pop
2073,classical
2074,country
2075,disco
2076,pop
2077,rap
2078,disco
2079,classical
2080,country
2081,reggae
2082,country
2083,reggae
2084,pop
2085,country
2086,country
2087,country
2088,classical
2089,country
2090,black metal
2091,classical
2092,country
2093,edm
2094,edm
2095,jazz
2096,classical
2097,classical
2098,country
2099,edm
2100,classical
2101,rap
2102,classical
2103,disco
2104,anime
2105,pop
2106,anime
2107,rap
2108,jazz
2109,rap
2110,pop
2111,black metal
2112,black metal
2113,anime
2114,classical
2115,pop
2116,classical
2117,edm
2118,reggae
2119,edm
2120,classical
2121,edm
2122,edm
2123,rap
2124,anime
2125,country
2126,classical
2127,classical
2128,pop
2129,disco
2130,classical
2131,jazz
2132,edm
2133,country
2134,disco
2135,pop
2136,disco
2137,classical
2138,edm
2139,edm
2140,pop
2141,jazz
2142,reggae
2143,reggae
2144,country
2145,anime
2146,reggae
2147,country
2148,disco
2149,classical
2150,reggae
2151,edm
2152,country
2153,country
2154,pop
2155,jazz
2156,jazz
2157,country
2158,country
2159,rap
2160,classical
2161,edm
2162,edm
2163,pop
2164,rap
2165,reggae
2166,country
2167,disco
2168,disco
2169,anime
2170,black metal
2171,country
2172,disco
2173,classical
2174,jazz
2175,jazz
2176,reggae
2177,disco
2178,pop
2179,pop
2180,jazz
2181,disco
2182,reggae
2183,jazz
2184,pop
2185,anime
2186,country
2187,anime
2188,anime
2189,jazz
2190,edm
2191,pop
2192,edm
2193,rap
2194,rap
2195,country
2196,country
2197,anime
2198,anime
2199,disco
2200,disco
2201,classical
2202,anime
2203,country
2204,classical
2205,edm
2206,classical
2207,country
2208,black metal
2209,jazz
2210,disco
2211,jazz
2212,classical
2213,black metal
2214,anime
2215,anime
2216,black metal
2217,country
2218,anime
2219,reggae
2220,classical
2221,classical
2222,reggae
2223,disco
2224,disco
2225,country
2226,rap
2227,classical
2228,jazz
2229,jazz
2230,anime
2231,anime
2232,reggae
2233,jazz
2234,reggae
2235,edm
2236,country
2237,jazz
2238,edm
2239,classical
2240,anime
2241,disco
2242,classical
2243,pop
2244,country
2245,country
2246,pop
2247,reggae
2248,country
2249,pop
2250,rap
2251,country
2252,jazz
2253,classical
2254,jazz
2255,disco
2256,jazz
2257,jazz
2258,jazz
2259,edm
2260,country
2261,country
2262,pop
2263,pop
2264,pop
2265,classical
2266,country
2267,jazz
2268,anime
2269,anime
2270,anime
2271,anime
2272,pop
2273,anime
2274,country
2275,pop
2276,jazz
2277,country
2278,reggae
2279,classical
2280,anime
2281,rap
2282,jazz
2283,reggae
2284,country
2285,classical
2286,pop
2287,pop
2288,pop
2289,rap
2290,jazz
2291,jazz
2292,jazz
2293,classical
2294,anime
2295,country
2296,classical
2297,black metal
2298,black metal
2299,black metal
2300,country
2301,jazz
2302,black metal
2303,pop
2304,country
2305,reggae
2306,country
2307,country
2308,country
2309,jazz
2310,black metal
2311,country
2312,pop
2313,anime
2314,country
2315,reggae
2316,country
2317,country
2318,country
2319,anime
2320,country
2321,classical
2322,country
2323,anime
2324,jazz
2325,classical
2326,pop
2327,country
2328,pop
2329,pop
2330,country
2331,jazz
2332,country
2333,edm
2334,anime
2335,classical
2336,pop
2337,pop
2338,edm
2339,classical
2340,classical
2341,classical
2342,country
2343,classical
2344,jazz
2345,rap
2346,country
2347,classical
2348,anime
2349,anime
2350,jazz
2351,anime
2352,anime
2353,country
2354,disco
2355,reggae
2356,rap
2357,jazz
2358,reggae
2359,black metal
2360,classical
2361,country
2362,country
2363,jazz
2364,black metal
2365,rap
2366,rap
2367,classical
2368,country
2369,black metal
2370,reggae
2371,disco
2372,disco
2373,country
2374,jazz
2375,anime
2376,classical
2377,anime
2378,anime
2379,black metal
2380,country
2381,pop
2382,classical
2383,edm
2384,pop
2385,edm
2386,country
2387,disco
2388,classical
2389,anime
2390,country
2391,anime
2392,jazz
2393,classical
2394,disco
2395,disco
2396,anime
2397,country
2398,reggae
2399,pop
2400,country
2401,disco
2402,classical
2403,rap
2404,disco
2405,black metal
2406,country
2407,classical
2408,rap
2409,edm
2410,reggae
2411,black metal
2412,anime
2413,edm
2414,black metal
2415,jazz
2416,reggae
2417,country
2418,anime
2419,pop
2420,classical
2421,classical
2422,classical
2423,classical
2424,jazz
2425,country
2426,pop
2427,reggae
2428,disco
2429,anime
2430,anime
2431,black metal
2432,anime
2433,rap
2434,anime
2435,anime
2436,disco
2437,pop
2438,edm
2439,edm
2440,jazz
2441,edm
2442,reggae
2443,classical
2444,country
2445,jazz
2446,country
2447,reggae
2448,edm
2449,anime
2450,anime
2451,edm
2452,jazz
2453,country
2454,jazz
2455,jazz
2456,edm
2457,country
2458,jazz
2459,anime
2460,anime
2461,anime
2462,classical
2463,country
2464,classical
2465,pop
2466,disco
2467,rap
2468,jazz
2469,jazz
2470,jazz
2471,disco
2472,country
2473,country
2474,jazz
2475,anime
2476,black metal
2477,pop
2478,reggae
2479,jazz
2480,reggae
2481,country
2482,reggae
2483,classical
2484,black metal
2485,anime
2486,pop
2487,classical
2488,country
2489,reggae
2490,country
2491,country
2492,country
2493,classical
2494,disco
2495,black metal
2496,disco
2497,disco
2498,jazz
2499,jazz
2500,jazz
2501,disco
2502,disco
2503,country
2504,edm
2505,disco
2506,black metal
2507,country
2508,classical
2509,pop
2510,pop
2511,black metal
2512,country
2513,classical
2514,classical
2515,country
2516,rap
2517,anime
2518,classical
2519,reggae
2520,country
2521,classical
2522,anime
2523,classical
2524,disco
2525,jazz
2526,edm
2527,country
2528,edm
2529,country
2530,country
2531,black metal
2532,jazz
2533,pop
2534,jazz
2535,country
2536,rap
2537,pop
2538,classical
2539,country
2540,jazz
2541,jazz
2542,edm
2543,rap
2544,reggae
2545,disco
2546,country
2547,country
2548,classical
2549,country
2550,jazz
2551,edm
2552,edm
2553,anime
2554,disco
2555,anime
2556,classical
2557,pop
2558,rap
2559,anime
2560,country
2561,black metal
2562,disco
2563,anime
2564,country
2565,edm
2566,reggae
2567,jazz
2568,country
2569,pop
2570,disco
2571,anime
2572,country
2573,classical
2574,classical
2575,jazz
2576,jazz
2577,pop
2578,anime
2579,anime
2580,jazz
2581,disco
2582,classical
2583,classical
2584,pop
2585,country
2586,black metal
2587,classical
2588,country
2589,classical
2590,pop
2591,edm
2592,pop
2593,country
2594,jazz
2595,classical
2596,country
2597,rap
2598,pop
2599,jazz
2600,edm
2601,reggae
2602,edm
2603,anime
2604,reggae
2605,anime
2606,reggae
2607,classical
2608,disco
2609,edm
2610,disco
2611,country
2612,country
2613,edm
2614,classical
2615,rap
2616,jazz
2617,disco
2618,pop
2619,reggae
2620,pop
2621,edm
2622,anime
2623,rap
2624,reggae
2625,pop
2626,reggae
2627,rap
2628,pop
2629,reggae
2630,jazz
2631,country
2632,jazz
2633,black metal
2634,edm
2635,anime
2636,edm
2637,pop
2638,anime
2639,black metal
2640,rap
2641,edm
2642,jazz
2643,anime
2644,reggae
2645,rap
2646,jazz
2647,country
2648,country
2649,pop
2650,reggae
2651,pop
2652,country
2653,classical
2654,classical
2655,edm
2656,pop
2657,rap
2658,classical
2659,reggae
2660,country
2661,jazz
2662,country
2663,jazz
2664,jazz
2665,country
2666,pop
2667,anime
2668,anime
2669,pop
2670,reggae
2671,rap
2672,reggae
2673,pop
2674,pop
2675,classical
2676,pop
2677,jazz
2678,country
2679,country
2680,reggae
2681,edm
2682,anime
2683,disco
2684,rap
2685,country
2686,pop
2687,pop
2688,pop
2689,country
2690,country
2691,edm
2692,reggae
2693,reggae
2694,edm
2695,reggae
2696,classical
2697,classical
2698,reggae
2699,anime
2700,classical
2701,country
2702,country
2703,country
2704,pop
2705,anime
2706,edm
2707,jazz
2708,classical
2709,reggae
2710,disco
2711,reggae
2712,classical
2713,pop
2714,country
2715,country
2716,country
2717,edm
2718,country
2719,classical
2720,anime
2721,pop
2722,rap
2723,classical
2724,disco
2725,reggae
2726,classical
2727,anime
2728,disco
2729,rap
2730,country
2731,jazz
2732,pop
2733,country
2734,anime
2735,anime
2736,anime
2737,anime
2738,anime
2739,jazz
2740,classical
2741,country
2742,pop
2743,jazz
2744,jazz
2745,jazz
2746,black metal
2747,pop
2748,anime
2749,jazz
2750,jazz
2751,disco
2752,jazz
2753,classical
2754,black metal
2755,jazz
2756,anime
2757,country
2758,edm
2759,classical
2760,anime
2761,country
2762,anime
2763,country
2764,reggae
2765,reggae
2766,disco
2767,jazz
2768,anime
2769,anime
2770,rap
2771,edm
2772,anime
2773,pop
2774,pop
2775,country
2776,pop
2777,jazz
2778,classical
2779,country
2780,edm
2781,edm
2782,classical
2783,edm
2784,country
2785,classical
2786,anime
2787,black metal
2788,anime
2789,edm
2790,country
2791,country
2792,classical
2793,anime
2794,anime
2795,reggae
2796,rap
2797,edm
2798,pop
2799,jazz
2800,country
2801,edm
2802,jazz
2803,anime
2804,classical
2805,edm
2806,pop
2807,country
2808,disco
2809,classical
2810,country
2811,pop
2812,country
2813,reggae
2814,country
2815,country
2816,black metal
2817,rap
2818,country
2819,pop
2820,edm
2821,disco
2822,jazz
2823,country
2824,anime
2825,anime
2826,country
2827,jazz
2828,anime
2829,country
2830,disco
2831,edm
2832,anime
2833,country
2834,rap
2835,disco
2836,pop
2837,reggae
2838,country
2839,reggae
2840,anime
2841,country
2842,classical
2843,country
2844,jazz
2845,jazz
2846,jazz
2847,jazz
2848,anime
2849,country
2850,pop
2851,rap
2852,country
2853,classical
2854,anime
2855,country
2856,black metal
2857,black metal
2858,pop
2859,jazz
2860,country
2861,anime
2862,black metal
2863,classical
2864,reggae
2865,pop
2866,disco
2867,country
2868,country
2869,country
2870,country
2871,reggae
2872,classical
2873,pop
2874,rap
2875,pop
2876,edm
2877,country
2878,edm
2879,disco
2880,pop
2881,country
2882,edm
2883,black metal
2884,black metal
2885,reggae
2886,jazz
2887,disco
2888,rap
2889,reggae
2890,black metal
2891,disco
2892,country
2893,jazz
2894,pop
2895,edm
2896,jazz
2897,pop
2898,black metal
2899,anime
2900,classical
2901,country
2902,disco
2903,pop
2904,classical
2905,rap
2906,jazz
2907,anime
2908,edm
2909,pop
2910,edm
2911,country
2912,country
2913,edm
2914,pop
2915,classical
2916,country
2917,jazz
2918,reggae
2919,jazz
2920,jazz
2921,country
2922,reggae
2923,jazz
2924,classical
2925,classical
2926,country
2927,edm
2928,disco
2929,anime
2930,classical
2931,reggae
2932,black metal
2933,jazz
2934,reggae
2935,country
2936,disco
2937,anime
2938,classical
2939,reggae
2940,edm
2941,anime
2942,jazz
2943,reggae
2944,country
2945,disco
2946,classical
2947,rap
2948,classical
2949,pop
2950,jazz
2951,edm
2952,anime
2953,jazz
2954,jazz
2955,disco
2956,classical
2957,classical
2958,pop
2959,jazz
2960,country
2961,black metal
2962,anime
2963,country
2964,edm
2965,classical
2966,classical
2967,jazz
2968,black metal
2969,disco
2970,edm
2971,classical
2972,edm
2973,reggae
2974,reggae
2975,edm
2976,anime
2977,classical
2978,jazz
2979,anime
2980,anime
2981,anime
2982,reggae
2983,black metal
2984,country
2985,rap
2986,classical
2987,country
2988,country
2989,classical
2990,jazz
2991,country
2992,classical
2993,classical
2994,jazz
2995,edm
2996,country
2997,rap
2998,classical
2999,classical
3000,pop
3001,classical
3002,black metal
3003,anime
3004,classical
3005,jazz
3006,pop
3007,edm
3008,country
3009,country
3010,jazz
3011,anime
3012,anime
3013,country
3014,anime
3015,country
3016,jazz
3017,anime
3018,black metal
3019,rap
3020,jazz
3021,black metal
3022,country
3023,classical
3024,anime
3025,country
3026,jazz
3027,anime
3028,country
3029,black metal
3030,jazz
3031,country
3032,disco
3033,country
3034,country
3035,anime
3036,classical
3037,rap
3038,classical
3039,country
3040,reggae
3041,country
3042,classical
3043,pop
3044,pop
3045,jazz
3046,classical
3047,jazz
3048,anime
3049,edm
3050,classical
3051,country
3052,reggae
3053,edm
3054,pop
3055,jazz
3056,country
3057,anime
3058,jazz
3059,anime
3060,country
3061,classical
3062,edm
3063,classical
3064,country
3065,black metal
3066,edm
3067,classical
3068,country
3069,country
3070,jazz
3071,jazz
3072,jazz
3073,jazz
3074,pop
3075,country
3076,pop
3077,anime
3078,edm
3079,black metal
3080,rap
3081,country
3082,reggae
3083,rap
3084,country
3085,country
3086,reggae
3087,classical
3088,disco
3089,anime
3090,black metal
3091,country
3092,anime
3093,edm
3094,jazz
3095,pop
3096,country
3097,reggae
3098,black metal
3099,jazz
3100,rap
3101,reggae
3102,anime
3103,jazz
3104,edm
3105,jazz
3106,anime
3107,pop
3108,pop
3109,pop
3110,country
3111,country
3112,disco
3113,classical
3114,black metal
3115,anime
3116,country
3117,country
3118,jazz
3119,reggae
3120,edm
3121,reggae
3122,classical
3123,classical
3124,edm
3125,classical
3126,pop
3127,classical
3128,country
3129,pop
3130,jazz
3131,jazz
3132,reggae
3133,country
3134,black metal
3135,jazz
3136,edm
3137,country
3138,pop
3139,country
3140,classical
3141,edm
3142,country
3143,anime
3144,edm
3145,rap
3146,country
3147,country
3148,anime
3149,country
3150,country
3151,classical
3152,reggae
3153,classical
3154,anime
3155,rap
3156,reggae
3157,jazz
3158,pop
3159,edm
3160,country
3161,jazz
3162,anime
3163,classical
3164,country
3165,edm
3166,pop
3167,classical
3168,pop
3169,country
3170,classical
3171,reggae
3172,edm
3173,anime
3174,edm
3175,black metal
3176,country
3177,country
3178,anime
3179,anime
3180,country
3181,jazz
3182,country
3183,reggae
3184,anime
3185,pop
3186,country
3187,edm
3188,classical
3189,edm
3190,edm
3191,country
3192,reggae
3193,pop
3194,jazz
3195,pop
3196,black metal
3197,pop
3198,reggae
3199,reggae
3200,rap
3201,country
3202,black metal
3203,jazz
3204,classical
3205,anime
3206,country
3207,country
3208,classical
3209,anime
3210,jazz
3211,jazz
3212,country
3213,pop
3214,edm
3215,country
3216,classical
3217,pop
3218,country
3219,reggae
3220,anime
3221,pop
3222,classical
3223,jazz
3224,country
3225,classical
3226,pop
3227,anime
3228,country
3229,pop
3230,anime
3231,disco
3232,rap
3233,jazz
3234,jazz
3235,jazz
3236,anime
3237,country
3238,jazz
3239,country
3240,pop
3241,country
3242,black metal
3243,edm
3244,black metal
3245,black metal
3246,classical
3247,rap
3248,pop
3249,edm
3250,anime
3251,anime
3252,jazz
3253,jazz
3254,classical
3255,jazz
3256,disco
3257,country
3258,disco
3259,black metal
3260,classical
3261,country
3262,disco
3263,country
3264,edm
3265,classical
3266,anime
3267,country
3268,pop
3269,country
3270,anime
3271,reggae
3272,country
3273,reggae
3274,edm
3275,disco
3276,edm
3277,classical
3278,reggae
3279,rap
3280,country
3281,country
3282,reggae
3283,edm
3284,country
3285,classical
3286,rap
3287,country
3288,black metal
3289,rap
3290,jazz
3291,anime
3292,country
3293,country
3294,reggae
3295,edm
3296,classical
3297,classical
3298,disco
3299,classical
3300,country
3301,jazz
3302,country
3303,pop
3304,edm
3305,classical
3306,edm
3307,country
3308,country
3309,reggae
3310,country
3311,anime
3312,edm
3313,country
3314,anime
3315,rap
3316,pop
3317,edm
3318,pop
3319,classical
3320,pop
3321,anime
3322,pop
3323,classical
3324,anime
3325,disco
3326,classical
3327,jazz
3328,edm
3329,pop
3330,country
3331,country
3332,reggae
3333,reggae
3334,pop
3335,anime
3336,anime
3337,jazz
3338,pop
3339,rap
3340,edm
3341,black metal
3342,country
3343,edm
3344,country
3345,jazz
3346,edm
3347,disco
3348,country
3349,classical
3350,classical
3351,anime
3352,classical
3353,country
3354,jazz
3355,country
3356,country
3357,edm
3358,edm
3359,classical
3360,country
3361,anime
3362,edm
3363,anime
3364,black metal
3365,country
3366,disco
3367,black metal
3368,classical
3369,pop
3370,pop
3371,pop
3372,classical
3373,classical
3374,black metal
3375,country
3376,reggae
3377,classical
3378,country
3379,country
3380,black metal
3381,edm
3382,black metal
3383,edm
3384,country
3385,anime
3386,reggae
3387,country
3388,anime
3389,black metal
3390,country
3391,black metal
3392,edm
3393,country
3394,black metal
3395,jazz
3396,pop
3397,country
3398,pop
3399,pop
3400,disco
3401,edm
3402,pop
3403,pop
3404,classical
3405,anime
3406,classical
3407,edm
3408,country
3409,jazz
3410,black metal
3411,pop
3412,country
3413,anime
3414,pop
3415,black metal
3416,anime
3417,jazz
3418,classical
3419,pop
3420,rap
3421,anime
3422,classical
3423,edm
3424,classical
3425,country
3426,jazz
3427,reggae
3428,country
3429,edm
3430,black metal
3431,reggae
3432,country
3433,country
3434,rap
3435,pop
3436,jazz
3437,anime
3438,country
3439,pop
3440,classical
3441,jazz
3442,country
3443,classical
3444,pop
3445,anime
3446,pop
3447,pop
3448,anime
3449,reggae
3450,disco
3451,pop
3452,country
3453,anime
3454,black metal
3455,rap
3456,country
3457,anime
3458,anime
3459,disco
3460,anime
3461,country
3462,disco
3463,black metal
3464,jazz
3465,classical
3466,country
3467,pop
3468,edm
3469,classical
3470,country
3471,rap
3472,jazz
3473,disco
3474,country
3475,black metal
3476,rap
3477,anime
3478,edm
3479,rap
3480,black metal
3481,jazz
3482,pop
3483,pop
3484,jazz
3485,classical
3486,reggae
3487,country
3488,anime
3489,pop
3490,jazz
3491,anime
3492,country
3493,edm
3494,country
3495,anime
3496,classical
3497,pop
3498,classical
3499,classical
3500,country
3501,black metal
3502,disco
3503,classical
3504,classical
3505,anime
3506,anime
3507,classical
3508,country
3509,classical
3510,reggae
3511,country
3512,classical
3513,reggae
3514,black metal
3515,country
3516,country
3517,classical
3518,rap
3519,edm
3520,country
3521,pop
3522,reggae
3523,anime
3524,anime
3525,jazz
3526,reggae
3527,jazz
3528,anime
3529,edm
3530,anime
3531,country
3532,pop
3533,jazz
3534,anime
3535,edm
3536,country
3537,classical
3538,classical
3539,pop
3540,classical
3541,black metal
3542,classical
3543,country
3544,pop
3545,jazz
3546,anime
3547,disco
3548,pop
3549,pop
3550,classical
3551,reggae
3552,anime
3553,jazz
3554,black metal
3555,reggae
3556,jazz
3557,edm
3558,jazz
3559,classical
3560,jazz
3561,edm
3562,edm
3563,country
3564,country
3565,pop
3566,anime
3567,classical
3568,country
3569,classical
3570,rap
3571,black metal
3572,anime
3573,classical
3574,disco
3575,rap
3576,classical
3577,anime
3578,anime
3579,pop
3580,anime
3581,disco
3582,classical
3583,edm
3584,classical
3585,jazz
3586,jazz
3587,reggae
3588,anime
3589,black metal
3590,black metal
3591,edm
3592,country
3593,country
3594,country
3595,country
3596,pop
3597,reggae
3598,pop
3599,classical
3600,jazz
3601,edm
3602,pop
3603,anime
3604,anime
3605,anime
3606,anime
3607,country
3608,jazz
3609,disco
3610,rap
3611,anime
3612,anime
3613,anime
3614,classical
3615,country
3616,pop
3617,rap
3618,classical
3619,classical
3620,classical
3621,country
3622,anime
3623,jazz
3624,pop
3625,disco
3626,country
3627,jazz
3628,disco
3629,anime
3630,rap
3631,country
3632,reggae
3633,pop
3634,country
3635,black metal
3636,classical
3637,anime
3638,country
3639,pop
3640,anime
3641,black metal
3642,pop
3643,anime
3644,edm
3645,country
3646,jazz
3647,anime
3648,pop
3649,anime
3650,edm
3651,edm
3652,country
3653,edm
3654,pop
3655,classical
3656,pop
3657,anime
3658,disco
3659,country
3660,country
3661,pop
3662,edm
3663,edm
3664,classical
3665,country
3666,country
3667,classical
3668,jazz
3669,edm
3670,rap
3671,jazz
3672,black metal
3673,classical
3674,reggae
3675,reggae
3676,classical
3677,anime
3678,edm
3679,country
3680,reggae
3681,classical
3682,anime
3683,country
3684,anime
3685,country
3686,disco
3687,country
3688,country
3689,jazz
3690,jazz
3691,reggae
3692,black metal
3693,country
3694,country
3695,black metal
3696,anime
3697,jazz
3698,country
3699,disco
3700,jazz
3701,reggae
3702,reggae
3703,pop
3704,disco
3705,jazz
3706,anime
3707,edm
3708,country
3709,jazz
3710,reggae
3711,country
3712,anime
3713,pop
3714,disco
3715,classical
3716,anime
3717,reggae
3718,disco
3719,classical
3720,jazz
3721,country
3722,reggae
3723,edm
3724,country
3725,edm
3726,edm
3727,black metal
3728,country
3729,black metal
3730,anime
3731,classical
3732,rap
3733,disco
3734,edm
3735,disco
3736,classical
3737,anime
3738,classical
3739,reggae
3740,reggae
3741,pop
3742,classical
3743,pop
3744,jazz
3745,country
3746,reggae
3747,country
3748,country
3749,pop
3750,anime
3751,reggae
3752,reggae
3753,country
3754,country
3755,anime
3756,disco
3757,pop
3758,black metal
3759,pop
3760,rap
3761,anime
3762,anime
3763,pop
3764,anime
3765,pop
3766,anime
3767,country
3768,black metal
3769,reggae
3770,country
3771,classical
3772,rap
3773,rap
3774,disco
3775,edm
3776,disco
3777,reggae
3778,classical
3779,reggae
3780,pop
3781,classical
3782,country
3783,country
3784,classical
3785,country
3786,jazz
3787,edm
3788,jazz
3789,black metal
3790,edm
3791,edm
3792,country
3793,jazz
3794,reggae
3795,classical
3796,edm
3797,reggae
3798,black metal
3799,pop
3800,country
3801,pop
3802,jazz
3803,country
3804,rap
3805,country
3806,disco
3807,disco
3808,jazz
3809,pop
3810,jazz
3811,reggae
3812,classical
3813,anime
3814,rap
3815,black metal
3816,country
3817,jazz
3818,pop
3819,reggae
3820,anime
3821,black metal
3822,country
3823,edm
3824,classical
3825,anime
3826,classical
3827,jazz
3828,edm
3829,jazz
3830,pop
3831,reggae
3832,black metal
3833,edm
3834,classical
3835,reggae
3836,classical
3837,classical
3838,edm
3839,edm
3840,anime
3841,anime
3842,edm
3843,classical
3844,pop
3845,edm
3846,black metal
3847,pop
3848,black metal
3849,classical
3850,pop
3851,pop
3852,anime
3853,edm
3854,country
3855,jazz
3856,anime
3857,edm
3858,country
3859,anime
3860,black metal
3861,jazz
3862,anime
3863,pop
3864,anime
3865,country
3866,rap
3867,disco
3868,jazz
3869,reggae
3870,classical
3871,jazz
3872,classical
3873,country
3874,edm
3875,jazz
3876,disco
3877,pop
3878,jazz
3879,classical
3880,pop
3881,pop
3882,classical
3883,classical
3884,reggae
3885,pop
3886,pop
3887,edm
3888,anime
3889,edm
3890,jazz
3891,country
3892,jazz
3893,anime
3894,jazz
3895,black metal
3896,jazz
3897,country
3898,pop
3899,reggae
3900,black metal
3901,anime
3902,black metal
3903,jazz
3904,edm
3905,rap
3906,classical
3907,pop
3908,edm
3909,anime
3910,edm
3911,classical
3912,rap
3913,pop
3914,disco
3915,jazz
3916,jazz
3917,country
3918,classical
3919,reggae
3920,jazz
3921,edm
3922,country
3923,jazz
3924,edm
3925,edm
3926,country
3927,country
3928,classical
3929,classical
3930,anime
3931,edm
3932,pop
3933,reggae
3934,anime
3935,disco
3936,pop
3937,edm
3938,pop
3939,country
3940,rap
3941,jazz
3942,black metal
3943,classical
3944,country
3945,anime
3946,rap
3947,anime
3948,anime
3949,black metal
3950,black metal
3951,jazz
3952,classical
3953,black metal
3954,anime
3955,country
3956,classical
3957,rap
3958,pop
3959,disco
3960,country
3961,pop
3962,jazz
3963,classical
3964,reggae
3965,jazz
3966,anime
3967,classical
3968,anime
3969,edm
3970,classical
3971,classical
3972,classical
3973,country
3974,country
3975,country
3976,classical
3977,classical
3978,anime
3979,pop
3980,disco
3981,black metal
3982,anime
3983,classical
3984,black metal
3985,country
3986,country
3987,anime
3988,jazz
3989,anime
3990,anime
3991,country
3992,pop
3993,pop
3994,pop
3995,country
3996,rap
3997,disco
3998,edm
3999,country
4000,classical
4001,classical
4002,country
4003,pop
4004,disco
4005,country
4006,country
4007,reggae
4008,country
4009,pop
4010,classical
4011,classical
4012,anime
4013,country
4014,edm
4015,country
4016,edm
4017,black metal
4018,jazz
4019,pop
4020,pop
4021,jazz
4022,anime
4023,disco
4024,edm
4025,black metal
4026,country
4027,pop
4028,reggae
4029,classical
4030,edm
4031,classical
4032,anime
4033,anime
4034,anime
4035,jazz
4036,classical
4037,disco
4038,classical
4039,jazz
4040,classical
4041,disco
4042,edm
4043,jazz
4044,classical
4045,jazz
4046,anime
4047,rap
4048,anime
4049,country
4050,edm
4051,anime
4052,black metal
4053,classical
4054,disco
4055,rap
4056,jazz
4057,country
4058,country
4059,anime
4060,anime
4061,country
4062,black metal
4063,black metal
4064,edm
4065,country
4066,country
4067,jazz
4068,country
4069,jazz
4070,edm
4071,jazz
4072,black metal
4073,pop
4074,pop
4075,country
4076,black metal
4077,reggae
4078,country
4079,anime
4080,edm
4081,anime
4082,country
4083,pop
4084,classical
4085,classical
4086,edm
4087,country
4088,rap
4089,reggae
4090,anime
4091,country
4092,jazz
4093,pop
4094,disco
4095,classical
4096,jazz
4097,country
4098,jazz
4099,edm
4100,edm
4101,disco
4102,anime
4103,anime
4104,jazz
4105,anime
4106,black metal
4107,jazz
4108,edm
4109,reggae
4110,edm
4111,country
4112,country
4113,classical
4114,country
4115,anime
4116,rap
4117,country
4118,rap
4119,country
4120,pop
4121,classical
4122,disco
4123,black metal
4124,disco
4125,classical
4126,reggae
4127,country
4128,edm
4129,country
4130,anime
4131,anime
4132,edm
4133,disco
4134,edm
4135,country
4136,country
4137,country
4138,pop
4139,classical
4140,anime
4141,reggae
4142,jazz
4143,black metal
4144,edm
4145,anime
4146,pop
4147,pop
4148,rap
4149,anime
4150,edm
4151,classical
4152,disco
4153,jazz
4154,pop
4155,classical
4156,disco
4157,rap
4158,jazz
4159,disco
4160,black metal
4161,reggae
4162,pop
4163,jazz
4164,country
4165,classical
4166,pop
4167,classical
4168,anime
4169,edm
4170,reggae
4171,edm
4172,reggae
4173,country
4174,jazz
4175,disco
4176,anime
4177,jazz
4178,classical
4179,pop
4180,classical
4181,country
4182,anime
4183,disco
4184,country
4185,reggae
4186,classical
4187,black metal
4188,rap
4189,country
4190,country
4191,country
4192,classical
4193,reggae
4194,pop
4195,jazz
4196,reggae
4197,disco
4198,anime
4199,pop
4200,country
4201,black metal
4202,anime
4203,anime
4204,classical
4205,rap
4206,country
4207,anime
4208,country
4209,disco
4210,disco
4211,classical
4212,country
4213,country
4214,country
4215,classical
4216,reggae
4217,jazz
4218,reggae
4219,reggae
4220,disco
4221,black metal
4222,rap
4223,anime
4224,country
4225,jazz
4226,country
4227,classical
4228,reggae
4229,reggae
4230,disco
4231,rap
4232,jazz
4233,edm
4234,reggae
4235,edm
4236,classical
4237,country
4238,edm
4239,anime
4240,jazz
4241,jazz
4242,disco
4243,country
4244,anime
4245,classical
4246,country
4247,edm
4248,anime
4249,black metal
4250,country
4251,edm
4252,country
4253,black metal
4254,country
4255,classical
4256,disco
4257,pop
4258,black metal
4259,jazz
4260,classical
4261,pop
4262,disco
4263,jazz
4264,reggae
4265,classical
4266,edm
4267,pop
4268,anime
4269,disco
4270,classical
4271,anime
4272,country
4273,country
4274,disco
4275,jazz
4276,anime
4277,black metal
4278,anime
4279,pop
4280,country
4281,anime
4282,classical
4283,anime
4284,pop
4285,black metal
4286,edm
4287,rap
4288,classical
4289,pop
4290,country
4291,classical
4292,country
4293,country
4294,jazz
4295,country
4296,jazz
4297,anime
4298,anime
4299,jazz
4300,pop
4301,disco
4302,jazz
4303,classical
4304,jazz
4305,classical
4306,country
4307,classical
4308,country
4309,anime
4310,country
4311,anime
4312,jazz
4313,classical
4314,jazz
4315,reggae
4316,anime
4317,edm
4318,rap
4319,jazz
4320,edm
4321,anime
4322,pop
4323,black metal
4324,edm
4325,country
4326,edm
4327,anime
4328,country
4329,reggae
4330,anime
4331,anime
4332,jazz
4333,classical
4334,country
4335,country
4336,disco
4337,country
4338,disco
4339,anime
4340,classical
4341,classical
4342,pop
4343,disco
4344,country
4345,edm
4346,classical
4347,edm
4348,pop
4349,reggae
4350,edm
4351,jazz
4352,country
4353,anime
4354,rap
4355,anime
4356,classical
4357,country
4358,reggae
4359,reggae
4360,country
4361,jazz
4362,classical
4363,pop
4364,black metal
4365,black metal
4366,reggae
4367,pop
4368,country
4369,rap
4370,edm
4371,country
4372,anime
4373,country
4374,country
4375,classical
4376,classical
4377,edm
4378,country
4379,pop
4380,country
4381,classical
4382,reggae
4383,anime
4384,classical
4385,country
4386,rap
4387,country
4388,jazz
4389,pop
4390,pop
4391,black metal
4392,black metal
4393,jazz
4394,anime
4395,classical
4396,country
4397,classical
4398,country
4399,black metal
4400,jazz
4401,edm
4402,classical
4403,classical
4404,edm
4405,reggae
4406,pop
4407,classical
4408,country
4409,disco
4410,country
4411,jazz
4412,pop
4413,edm
4414,jazz
4415,country
4416,jazz
4417,classical
4418,edm
4419,anime
4420,anime
4421,jazz
4422,pop
4423,black metal
4424,rap
4425,reggae
4426,classical
4427,disco
4428,country
4429,country
4430,country
4431,country
4432,country
4433,anime
4434,country
4435,pop
4436,rap
4437,classical
4438,jazz
4439,classical
4440,reggae
4441,anime
4442,classical
4443,edm
4444,classical
4445,disco
4446,black metal
4447,jazz
4448,reggae
4449,country
4450,jazz
4451,anime
4452,jazz
4453,country
4454,anime
4455,country
4456,disco
4457,classical
4458,reggae
4459,rap
4460,country
4461,anime
4462,edm
4463,anime
4464,pop
4465,country
4466,jazz
4467,black metal
4468,anime
4469,edm
4470,black metal
4471,reggae
4472,country
4473,jazz
4474,edm
4475,country
4476,country
4477,pop
4478,pop
4479,anime
4480,anime
4481,reggae
4482,reggae
4483,jazz
4484,classical
4485,black metal
4486,country
4487,reggae
4488,country
4489,anime
4490,edm
4491,anime
4492,black metal
4493,classical
4494,classical
4495,classical
4496,anime
4497,jazz
4498,country
4499,anime
4500,jazz
4501,rap
4502,anime
4503,jazz
4504,country
4505,country
4506,anime
4507,classical
4508,classical
4509,disco
4510,country
4511,reggae
4512,anime
4513,reggae
4514,jazz
4515,pop
4516,classical
4517,classical
4518,disco
4519,anime
4520,country
4521,reggae
4522,anime
4523,pop
4524,edm
4525,jazz
4526,rap
4527,pop
4528,jazz
4529,pop
4530,country
4531,country
4532,disco
4533,pop
4534,reggae
4535,edm
4536,country
4537,anime
4538,country
4539,anime
4540,anime
4541,black metal
4542,jazz
4543,country
4544,reggae
4545,country
4546,rap
4547,classical
4548,rap
4549,black metal
4550,jazz
4551,anime
4552,jazz
4553,anime
4554,jazz
4555,jazz
4556,black metal
4557,disco
4558,classical
4559,classical
4560,country
4561,disco
4562,anime
4563,reggae
4564,disco
4565,reggae
4566,country
4567,anime
4568,country
4569,disco
4570,jazz
4571,rap
4572,rap
4573,pop
4574,anime
4575,country
4576,country
4577,jazz
4578,anime
4579,pop
4580,country
4581,black metal
4582,jazz
4583,disco
4584,country
4585,edm
4586,classical
4587,pop
4588,anime
4589,country
4590,reggae
4591,pop
4592,classical
4593,country
4594,disco
4595,disco
4596,rap
4597,reggae
4598,country
4599,edm
4600,country
4601,disco
4602,classical
4603,classical
4604,country
4605,reggae
4606,anime
4607,country
4608,reggae
4609,pop
4610,edm
4611,reggae
4612,black metal
4613,country
4614,country
4615,classical
4616,reggae
4617,rap
4618,classical
4619,classical
4620,edm
4621,country
4622,classical
4623,country
4624,country
4625,anime
4626,disco
4627,jazz
4628,classical
4629,disco
4630,classical
4631,black metal
4632,classical
4633,country
4634,classical
4635,jazz
4636,disco
4637,pop
4638,jazz
4639,reggae
4640,black metal
4641,edm
4642,classical
4643,jazz
4644,black metal
4645,edm
4646,reggae
4647,anime
4648,classical
4649,reggae
4650,classical
4651,country
4652,jazz
4653,reggae
4654,classical
4655,classical
4656,anime
4657,anime
4658,country
4659,country
4660,black metal
4661,jazz
4662,disco
4663,country
4664,pop
4665,anime
4666,jazz
4667,classical
4668,black metal
4669,disco
4670,country
4671,country
4672,disco
4673,anime
4674,jazz
4675,country
4676,country
4677,black metal
4678,jazz
4679,anime
4680,reggae
4681,rap
4682,anime
4683,country
4684,anime
4685,disco
4686,reggae
4687,edm
4688,classical
4689,classical
4690,pop
4691,reggae
4692,reggae
4693,country
4694,country
4695,anime
4696,classical
4697,anime
4698,reggae
4699,anime
4700,anime
4701,country
4702,jazz
4703,classical
4704,country
4705,jazz
4706,country
4707,anime
4708,pop
4709,country
4710,country
4711,classical
4712,classical
4713,country
4714,disco
4715,anime
4716,reggae
4717,rap
4718,black metal
4719,jazz
4720,jazz
4721,anime
4722,country
4723,disco
4724,country
4725,country
4726,edm
4727,anime
4728,edm
4729,country
4730,pop
4731,edm
4732,country
4733,country
4734,rap
4735,pop
4736,anime
4737,anime
4738,country
4739,classical
4740,jazz
4741,classical
4742,country
4743,black metal
4744,anime
4745,jazz
4746,anime
4747,disco
4748,anime
4749,black metal
4750,reggae
4751,country
4752,pop
4753,pop
4754,rap
4755,country
4756,edm
4757,pop
4758,disco
4759,edm
4760,jazz
4761,pop
4762,country
4763,jazz
4764,pop
4765,classical
4766,edm
4767,anime
4768,black metal
4769,reggae
4770,classical
4771,anime
4772,reggae
4773,pop
4774,pop
4775,anime
4776,reggae
4777,reggae
4778,classical
4779,edm
4780,anime
4781,jazz
4782,anime
4783,pop
4784,anime
4785,black metal
4786,jazz
4787,black metal
4788,anime
4789,disco
4790,country
4791,classical
4792,black metal
4793,jazz
4794,reggae
4795,rap
4796,pop
4797,edm
4798,pop
4799,country
4800,reggae
4801,classical
4802,black metal
4803,pop
4804,edm
4805,country
4806,anime
4807,country
4808,classical
4809,jazz
4810,jazz
4811,edm
4812,country
4813,disco
4814,reggae
4815,anime
4816,edm
4817,black metal
4818,edm
4819,anime
4820,rap
4821,pop
4822,reggae
4823,country
4824,country
4825,disco
4826,jazz
4827,country
4828,edm
4829,anime
4830,anime
4831,pop
4832,pop
4833,pop
4834,black metal
4835,classical
4836,disco
4837,reggae
4838,jazz
4839,country
4840,anime
4841,rap
4842,disco
4843,reggae
4844,anime
4845,country
4846,pop
4847,country
4848,country
4849,pop
4850,anime
4851,anime
4852,classical
4853,anime
4854,black metal
4855,anime
4856,anime
4857,disco
4858,country
4859,anime
4860,anime
4861,anime
4862,disco
4863,black metal
4864,reggae
4865,classical
4866,black metal
4867,anime
4868,country
4869,disco
4870,anime
4871,jazz
4872,country
4873,edm
4874,pop
4875,anime
4876,edm
4877,jazz
4878,jazz
4879,edm
4880,pop
4881,jazz
4882,classical
4883,country
4884,anime
4885,classical
4886,edm
4887,disco
4888,disco
4889,pop
4890,country
4891,country
4892,edm
4893,jazz
4894,classical
4895,country
4896,country
4897,anime
4898,rap
4899,country
4900,anime
4901,country
4902,jazz
4903,anime
4904,anime
4905,anime
4906,reggae
4907,jazz
4908,disco
4909,jazz
4910,country
4911,country
4912,pop
4913,country
4914,classical
4915,disco
4916,edm
4917,classical
4918,classical
4919,classical
4920,classical
4921,edm
4922,pop
4923,anime
4924,pop
4925,disco
4926,black metal
4927,anime
4928,country
4929,pop
4930,jazz
4931,country
4932,country
4933,classical
4934,country
4935,classical
4936,country
4937,jazz
4938,anime
4939,jazz
4940,rap
4941,edm
4942,anime
4943,jazz
4944,reggae
4945,anime
4946,anime
4947,reggae
4948,edm
4949,disco
4950,reggae
4951,pop
4952,anime
4953,anime
4954,pop
4955,country
4956,country
4957,edm
4958,pop
4959,classical
4960,jazz
4961,disco
4962,black metal
4963,jazz
4964,pop
4965,country
4966,jazz
4967,classical
4968,country
4969,disco
4970,jazz
4971,reggae
4972,classical
4973,pop
4974,edm
4975,country
4976,edm
4977,pop
4978,edm
4979,anime
4980,country
4981,anime
4982,disco
4983,classical
4984,country
4985,disco
4986,classical
4987,pop
4988,edm
4989,edm
4990,edm
4991,edm
4992,pop
4993,pop
4994,anime
4995,jazz
4996,pop
4997,classical
4998,country
4999,country
5000,disco
5001,edm
5002,country
5003,pop
5004,jazz
5005,anime
5006,classical
5007,anime
5008,anime
5009,black metal
5010,classical
5011,black metal
5012,anime
5013,edm
5014,country
5015,country
5016,classical
5017,disco
5018,country
5019,reggae
5020,classical
5021,edm
5022,jazz
5023,pop
5024,edm
5025,rap
5026,classical
5027,anime
5028,anime
5029,jazz
5030,anime
5031,country
5032,reggae
5033,black metal
5034,edm
5035,reggae
5036,disco
5037,reggae
5038,country
5039,jazz
5040,country
5041,black metal
5042,anime
5043,black metal
5044,reggae
5045,classical
5046,pop
5047,anime
5048,disco
5049,anime
5050,anime
5051,jazz
5052,black metal
5053,anime
5054,classical
5055,anime
5056,country
5057,pop
5058,pop
5059,classical
5060,pop
5061,country
5062,edm
5063,edm
5064,classical
5065,pop
5066,anime
5067,country
5068,country
5069,pop
5070,country
5071,anime
5072,reggae
5073,country
5074,country
5075,disco
5076,classical
5077,anime
5078,classical
5079,anime
5080,black metal
5081,jazz
5082,country
5083,jazz
5084,anime
5085,disco
5086,jazz
5087,country
5088,edm
5089,reggae
5090,classical
5091,country
5092,country
5093,pop
5094,pop
5095,reggae
5096,country
5097,country
5098,classical
5099,anime
5100,jazz
5101,classical
5102,jazz
5103,anime
5104,country
5105,reggae
5106,disco
5107,country
5108,rap
5109,classical
5110,edm
5111,disco
5112,country
5113,rap
5114,pop
5115,pop
5116,pop
5117,pop
5118,rap
5119,anime
5120,classical
5121,country
5122,pop
5123,anime
5124,reggae
5125,country
5126,disco
5127,black metal
5128,edm
5129,disco
5130,pop
5131,anime
5132,country
5133,classical
5134,anime
5135,jazz
5136,classical
5137,pop
5138,anime
5139,country
5140,classical
5141,classical
5142,pop
5143,jazz
5144,edm
5145,jazz
5146,anime
5147,country
5148,jazz
5149,rap
5150,country
5151,jazz
5152,pop
5153,anime
5154,jazz
5155,rap
5156,disco
5157,country
5158,jazz
5159,classical
5160,anime
5161,country
5162,classical
5163,classical
5164,country
5165,country
5166,country
5167,reggae
5168,jazz
5169,reggae
5170,jazz
5171,anime
5172,jazz
5173,pop
5174,jazz
5175,anime
5176,classical
5177,pop
5178,jazz
5179,jazz
5180,reggae
5181,country
5182,edm
5183,classical
5184,edm
5185,pop
5186,rap
5187,pop
5188,classical
5189,anime
5190,pop
5191,black metal
5192,disco
5193,anime
5194,country
5195,classical
5196,pop
5197,pop
5198,rap
5199,edm
5200,classical
5201,pop
5202,classical
5203,country
5204,pop
5205,country
5206,black metal
5207,pop
5208,edm
5209,pop
5210,anime
5211,country
5212,anime
5213,edm
5214,jazz
5215,jazz
5216,country
5217,anime
5218,anime
5219,edm
5220,rap
5221,country
5222,country
5223,anime
5224,anime
5225,country
5226,edm
5227,disco
5228,reggae
5229,classical
5230,reggae
5231,reggae
5232,anime
5233,pop
5234,jazz
5235,jazz
5236,jazz
5237,disco
5238,country
5239,country
5240,anime
5241,jazz
5242,country
5243,anime
5244,pop
5245,edm
5246,anime
5247,country
5248,country
5249,classical
5250,pop
5251,reggae
5252,classical
5253,pop
5254,country
5255,edm
5256,country
5257,black metal
5258,country
5259,black metal
5260,pop
5261,jazz
5262,country
5263,country
5264,disco
5265,anime
5266,reggae
5267,country
5268,anime
5269,jazz
5270,classical
5271,anime
5272,pop
5273,anime
5274,country
5275,country
5276,jazz
5277,rap
5278,country
5279,country
5280,pop
5281,classical
5282,anime
5283,edm
5284,country
5285,jazz
5286,country
5287,pop
5288,jazz
5289,country
5290,pop
5291,classical
5292,anime
5293,country
5294,anime
5295,jazz
5296,anime
5297,disco
5298,anime
5299,reggae
5300,country
5301,country
5302,country
5303,jazz
5304,anime
5305,disco
5306,black metal
5307,anime
5308,classical
5309,anime
5310,pop
5311,jazz
5312,edm
5313,rap
5314,country
5315,classical
5316,jazz
5317,black metal
5318,rap
5319,country
5320,edm
5321,anime
5322,classical
5323,country
5324,country
5325,pop
5326,reggae
5327,jazz
5328,pop
5329,disco
5330,anime
5331,jazz
5332,anime
5333,edm
5334,jazz
5335,country
5336,reggae
5337,anime
5338,country
5339,edm
5340,edm
5341,pop
5342,jazz
5343,country
5344,edm
5345,classical
5346,country
5347,jazz
5348,anime
5349,anime
5350,classical
5351,black metal
5352,disco
5353,anime
5354,edm
5355,reggae
5356,country
5357,country
5358,pop
5359,rap
5360,edm
5361,pop
5362,anime
5363,pop
5364,edm
5365,classical
5366,anime
5367,jazz
5368,disco
5369,country
5370,pop
5371,pop
5372,jazz
5373,anime
5374,classical
5375,black metal
5376,country
5377,edm
5378,country
5379,country
5380,country
5381,edm
5382,pop
5383,country
5384,jazz
5385,jazz
5386,pop
5387,jazz
5388,anime
5389,black metal
5390,rap
5391,country
5392,jazz
5393,pop
5394,country
5395,pop
5396,anime
5397,country
5398,pop
5399,classical
5400,country
5401,anime
5402,edm
5403,edm
5404,black metal
5405,disco
5406,country
5407,disco
5408,country
5409,country
5410,classical
5411,anime
5412,country
5413,anime
5414,pop
5415,black metal
5416,anime
5417,classical
5418,anime
5419,anime
5420,anime
5421,rap
5422,pop
5423,edm
5424,reggae
5425,classical
5426,reggae
5427,classical
5428,anime
5429,reggae
5430,edm
5431,pop
5432,anime
5433,classical
5434,pop
5435,edm
5436,disco
5437,anime
5438,pop
5439,disco
5440,jazz
5441,reggae
5442,disco
5443,pop
5444,anime
5445,disco
5446,country
5447,country
5448,pop
5449,pop
5450,anime
5451,classical
5452,edm
5453,jazz
5454,country
5455,jazz
5456,country
5457,country
5458,anime
5459,anime
5460,edm
5461,edm
5462,pop
5463,anime
5464,country
5465,classical
5466,classical
5467,reggae
5468,jazz
5469,jazz
5470,jazz
5471,country
5472,country
5473,anime
5474,anime
5475,anime
5476,classical
5477,disco
5478,disco
5479,edm
5480,classical
5481,pop
5482,classical
5483,edm
5484,country
5485,rap
5486,anime
5487,classical
5488,disco
5489,edm
5490,reggae
5491,country
5492,anime
5493,country
5494,rap
5495,rap
5496,country
5497,edm
5498,reggae
5499,classical
5500,reggae
5501,reggae
5502,rap
5503,anime
5504,country
5505,country
5506,anime
5507,pop
5508,pop
5509,anime
5510,classical
5511,country
5512,country
5513,country
5514,country
5515,jazz
5516,anime
5517,country
5518,country
5519,country
5520,anime
5521,country
5522,classical
5523,country
5524,country
5525,anime
5526,jazz
5527,anime
5528,anime
5529,reggae
5530,reggae
5531,rap
5532,disco
5533,disco
5534,pop
5535,edm
5536,anime
5537,black metal
5538,rap
5539,anime
5540,jazz
5541,reggae
5542,edm
5543,pop
5544,black metal
5545,rap
5546,jazz
5547,reggae
5548,rap
5549,disco
5550,pop
5551,anime
5552,rap
5553,black metal
5554,classical
5555,country
5556,anime
5557,black metal
5558,jazz
5559,pop
5560,jazz
5561,pop
5562,disco
5563,anime
5564,jazz
5565,pop
5566,edm
5567,country
5568,country
5569,classical
5570,edm
5571,jazz
5572,anime
5573,jazz
5574,anime
5575,reggae
5576,reggae
5577,edm
5578,jazz
5579,classical
5580,pop
5581,anime
5582,disco
5583,anime
5584,country
5585,country
5586,classical
5587,country
5588,anime
5589,anime
5590,edm
5591,classical
5592,country
5593,anime
5594,pop
5595,anime
5596,reggae
5597,classical
5598,edm
5599,jazz
5600,rap
5601,black metal
5602,anime
5603,anime
5604,reggae
5605,disco
5606,disco
5607,jazz
5608,disco
5609,black metal
5610,jazz
5611,reggae
5612,anime
5613,pop
5614,country
5615,rap
5616,country
5617,anime
5618,classical
5619,country
5620,classical
5621,reggae
5622,anime
5623,edm
5624,pop
5625,pop
5626,disco
5627,anime
5628,edm
5629,edm
5630,reggae
5631,anime
5632,edm
5633,disco
5634,classical
5635,classical
5636,country
5637,pop
5638,edm
5639,anime
5640,jazz
5641,anime
5642,country
5643,country
5644,classical
5645,classical
5646,country
5647,black metal
5648,black metal
5649,black metal
5650,edm
5651,reggae
5652,anime
5653,rap
5654,reggae
5655,anime
5656,disco
5657,anime
5658,edm
5659,anime
5660,edm
5661,anime
5662,country
5663,reggae
5664,country
5665,classical
5666,edm
5667,reggae
5668,anime
5669,anime
5670,rap
5671,country
5672,black metal
5673,anime
5674,edm
5675,edm
5676,country
5677,country
5678,jazz
5679,classical
5680,jazz
5681,pop
5682,country
5683,anime
5684,anime
5685,disco
5686,jazz
5687,jazz
5688,country
5689,jazz
5690,country
5691,disco
5692,pop
5693,reggae
5694,country
5695,country
5696,country
5697,anime
5698,edm
5699,country
5700,country
5701,edm
5702,pop
5703,black metal
5704,pop
5705,anime
5706,edm
5707,pop
5708,country
5709,jazz
5710,classical
5711,jazz
5712,jazz
5713,edm
5714,black metal
5715,pop
5716,pop
5717,country
5718,edm
5719,anime
5720,classical
5721,classical
5722,black metal
5723,jazz
5724,country
5725,anime
5726,anime
5727,anime
5728,edm
5729,reggae
5730,anime
5731,anime
5732,anime
5733,edm
5734,country
5735,edm
5736,reggae
5737,black metal
5738,anime
5739,pop
5740,anime
5741,jazz
5742,edm
5743,rap
5744,jazz
5745,country
5746,classical
5747,black metal
5748,black metal
5749,edm
5750,country
5751,jazz
5752,anime
5753,disco
5754,classical
5755,edm
5756,anime
5757,pop
5758,country
5759,rap
5760,black metal
5761,jazz
5762,edm
5763,edm
5764,anime
5765,country
5766,classical
5767,anime
5768,country
5769,anime
5770,reggae
5771,pop
5772,classical
5773,edm
5774,classical
5775,edm
5776,black metal
5777,anime
5778,jazz
5779,classical
5780,country
5781,edm
5782,edm
5783,pop
5784,pop
5785,pop
5786,classical
5787,reggae
5788,jazz
5789,anime
5790,disco
5791,pop
5792,rap
5793,reggae
5794,pop
5795,pop
5796,country
5797,reggae
5798,country
5799,pop
5800,country
5801,classical
5802,black metal
5803,rap
5804,anime
5805,classical
5806,classical
5807,anime
5808,classical
5809,country
5810,anime
5811,anime
5812,country
5813,disco
5814,pop
5815,anime
5816,pop
5817,pop
5818,country
5819,reggae
5820,anime
5821,anime
5822,anime
5823,edm
5824,country
5825,country
5826,pop
5827,jazz
5828,classical
5829,anime
5830,black metal
5831,classical
5832,anime
5833,classical
5834,classical
5835,rap
5836,reggae
5837,country
5838,country
5839,pop
5840,jazz
5841,classical
5842,reggae
5843,black metal
5844,country
5845,black metal
5846,country
5847,classical
5848,country
5849,edm
